href,language_num,native_language
http://accent.gmu.edu/browse_language.php?function=detail&speakerid=256,mandarin1,mandarin
http://accent.gmu.edu/browse_language.php?function=detail&speakerid=257,mandarin2,mandarin
http://accent.gmu.edu/browse_language.php?function=detail&speakerid=258,mandarin3,mandarin
http://accent.gmu.edu/browse_language.php?function=detail&speakerid=259,mandarin4,mandarin
http://accent.gmu.edu/browse_language.php?function=detail&speakerid=260,mandarin5,mandarin
http://accent.gmu.edu/browse_language.php?function=detail&speakerid=261,mandarin6,mandarin
http://accent.gmu.edu/browse_language.php?function=detail&speakerid=262,mandarin7,mandarin
http://accent.gmu.edu/browse_language.php?function=detail&speakerid=430,mandarin8,mandarin
http://accent.gmu.edu/browse_language.php?function=detail&speakerid=451,mandarin9,mandarin
http://accent.gmu.edu/browse_language.php?function=detail&speakerid=491,mandarin10,mandarin
http://accent.gmu.edu/browse_language.php?function=detail&speakerid=607,mandarin11,mandarin
http://accent.gmu.edu/browse_language.php?function=detail&speakerid=623,mandarin12,mandarin
http://accent.gmu.edu/browse_language.php?function=detail&speakerid=685,mandarin13,mandarin
http://accent.gmu.edu/browse_language.php?function=detail&speakerid=719,mandarin14,mandarin
http://accent.gmu.edu/browse_language.php?function=detail&speakerid=746,mandarin15,mandarin
http://accent.gmu.edu/browse_language.php?function=detail&speakerid=750,mandarin16,mandarin
http://accent.gmu.edu/browse_language.php?function=detail&speakerid=796,mandarin17,mandarin
http://accent.gmu.edu/browse_language.php?function=detail&speakerid=872,mandarin18,mandarin
http://accent.gmu.edu/browse_language.php?function=detail&speakerid=916,mandarin19,mandarin
http://accent.gmu.edu/browse_language.php?function=detail&speakerid=931,mandarin20,mandarin
http://accent.gmu.edu/browse_language.php?function=detail&speakerid=984,mandarin21,mandarin
http://accent.gmu.edu/browse_language.php?function=detail&speakerid=1019,mandarin22,mandarin
http://accent.gmu.edu/browse_language.php?function=detail&speakerid=1044,mandarin23,mandarin
http://accent.gmu.edu/browse_language.php?function=detail&speakerid=1089,mandarin24,mandarin
http://accent.gmu.edu/browse_language.php?function=detail&speakerid=1125,mandarin25,mandarin
http://accent.gmu.edu/browse_language.php?function=detail&speakerid=1141,mandarin26,mandarin
http://accent.gmu.edu/browse_language.php?function=detail&speakerid=1154,mandarin27,mandarin
http://accent.gmu.edu/browse_language.php?function=detail&speakerid=1447,mandarin28,mandarin
http://accent.gmu.edu/browse_language.php?function=detail&speakerid=1490,mandarin29,mandarin
http://accent.gmu.edu/browse_language.php?function=detail&speakerid=1491,mandarin30,mandarin
http://accent.gmu.edu/browse_language.php?function=detail&speakerid=1519,mandarin31,mandarin
http://accent.gmu.edu/browse_language.php?function=detail&speakerid=1527,mandarin32,mandarin
http://accent.gmu.edu/browse_language.php?function=detail&speakerid=1541,mandarin33,mandarin
http://accent.gmu.edu/browse_language.php?function=detail&speakerid=1578,mandarin34,mandarin
http://accent.gmu.edu/browse_language.php?function=detail&speakerid=1579,mandarin35,mandarin
http://accent.gmu.edu/browse_language.php?function=detail&speakerid=1580,mandarin36,mandarin
http://accent.gmu.edu/browse_language.php?function=detail&speakerid=1581,mandarin37,mandarin
http://accent.gmu.edu/browse_language.php?function=detail&speakerid=1582,mandarin38,mandarin
http://accent.gmu.edu/browse_language.php?function=detail&speakerid=1583,mandarin39,mandarin
http://accent.gmu.edu/browse_language.php?function=detail&speakerid=1614,mandarin40,mandarin
http://accent.gmu.edu/browse_language.php?function=detail&speakerid=1615,mandarin41,mandarin
http://accent.gmu.edu/browse_language.php?function=detail&speakerid=1616,mandarin42,mandarin
http://accent.gmu.edu/browse_language.php?function=detail&speakerid=1617,mandarin43,mandarin
http://accent.gmu.edu/browse_language.php?function=detail&speakerid=1630,mandarin44,mandarin
http://accent.gmu.edu/browse_language.php?function=detail&speakerid=1631,mandarin45,mandarin
http://accent.gmu.edu/browse_language.php?function=detail&speakerid=1636,mandarin46,mandarin
http://accent.gmu.edu/browse_language.php?function=detail&speakerid=1644,mandarin47,mandarin
http://accent.gmu.edu/browse_language.php?function=detail&speakerid=1645,mandarin48,mandarin
http://accent.gmu.edu/browse_language.php?function=detail&speakerid=1736,mandarin49,mandarin
http://accent.gmu.edu/browse_language.php?function=detail&speakerid=1788,mandarin50,mandarin
http://accent.gmu.edu/browse_language.php?function=detail&speakerid=1792,mandarin51,mandarin
http://accent.gmu.edu/browse_language.php?function=detail&speakerid=1793,mandarin52,mandarin
http://accent.gmu.edu/browse_language.php?function=detail&speakerid=1817,mandarin53,mandarin
http://accent.gmu.edu/browse_language.php?function=detail&speakerid=1900,mandarin54,mandarin
http://accent.gmu.edu/browse_language.php?function=detail&speakerid=1909,mandarin55,mandarin
http://accent.gmu.edu/browse_language.php?function=detail&speakerid=1910,mandarin56,mandarin
http://accent.gmu.edu/browse_language.php?function=detail&speakerid=1990,mandarin57,mandarin
http://accent.gmu.edu/browse_language.php?function=detail&speakerid=2000,mandarin58,mandarin
http://accent.gmu.edu/browse_language.php?function=detail&speakerid=2019,mandarin59,mandarin
http://accent.gmu.edu/browse_language.php?function=detail&speakerid=2109,mandarin60,mandarin
http://accent.gmu.edu/browse_language.php?function=detail&speakerid=2116,mandarin61,mandarin
http://accent.gmu.edu/browse_language.php?function=detail&speakerid=2117,mandarin62,mandarin
http://accent.gmu.edu/browse_language.php?function=detail&speakerid=2119,mandarin63,mandarin
http://accent.gmu.edu/browse_language.php?function=detail&speakerid=2129,mandarin64,mandarin
http://accent.gmu.edu/browse_language.php?function=detail&speakerid=2173,mandarin65,mandarin
http://accent.gmu.edu/browse_language.php?function=detail&speakerid=2252,mandarin66,mandarin
http://accent.gmu.edu/browse_language.php?function=detail&speakerid=2274,mandarin67,mandarin
http://accent.gmu.edu/browse_language.php?function=detail&speakerid=2281,mandarin68,mandarin
http://accent.gmu.edu/browse_language.php?function=detail&speakerid=2282,mandarin69,mandarin
http://accent.gmu.edu/browse_language.php?function=detail&speakerid=2291,mandarin70,mandarin
http://accent.gmu.edu/browse_language.php?function=detail&speakerid=2294,mandarin71,mandarin
http://accent.gmu.edu/browse_language.php?function=detail&speakerid=2306,mandarin72,mandarin
http://accent.gmu.edu/browse_language.php?function=detail&speakerid=2319,mandarin73,mandarin
http://accent.gmu.edu/browse_language.php?function=detail&speakerid=2323,mandarin74,mandarin
http://accent.gmu.edu/browse_language.php?function=detail&speakerid=2332,mandarin75,mandarin
http://accent.gmu.edu/browse_language.php?function=detail&speakerid=2348,mandarin76,mandarin
http://accent.gmu.edu/browse_language.php?function=detail&speakerid=2355,mandarin77,mandarin
http://accent.gmu.edu/browse_language.php?function=detail&speakerid=2360,mandarin78,mandarin
http://accent.gmu.edu/browse_language.php?function=detail&speakerid=2365,mandarin79,mandarin
http://accent.gmu.edu/browse_language.php?function=detail&speakerid=2413,mandarin80,mandarin
http://accent.gmu.edu/browse_language.php?function=detail&speakerid=2414,mandarin81,mandarin
http://accent.gmu.edu/browse_language.php?function=detail&speakerid=2418,mandarin82,mandarin
http://accent.gmu.edu/browse_language.php?function=detail&speakerid=2419,mandarin83,mandarin
http://accent.gmu.edu/browse_language.php?function=detail&speakerid=2420,mandarin84,mandarin
http://accent.gmu.edu/browse_language.php?function=detail&speakerid=2421,mandarin85,mandarin
http://accent.gmu.edu/browse_language.php?function=detail&speakerid=2423,mandarin86,mandarin
http://accent.gmu.edu/browse_language.php?function=detail&speakerid=2435,mandarin87,mandarin
http://accent.gmu.edu/browse_language.php?function=detail&speakerid=2447,mandarin88,mandarin
http://accent.gmu.edu/browse_language.php?function=detail&speakerid=2448,mandarin89,mandarin
http://accent.gmu.edu/browse_language.php?function=detail&speakerid=2461,mandarin90,mandarin
http://accent.gmu.edu/browse_language.php?function=detail&speakerid=2463,mandarin91,mandarin
http://accent.gmu.edu/browse_language.php?function=detail&speakerid=2469,mandarin92,mandarin
http://accent.gmu.edu/browse_language.php?function=detail&speakerid=2474,mandarin93,mandarin
http://accent.gmu.edu/browse_language.php?function=detail&speakerid=2477,mandarin94,mandarin
http://accent.gmu.edu/browse_language.php?function=detail&speakerid=2483,mandarin95,mandarin
http://accent.gmu.edu/browse_language.php?function=detail&speakerid=2494,mandarin96,mandarin
http://accent.gmu.edu/browse_language.php?function=detail&speakerid=2523,mandarin97,mandarin
http://accent.gmu.edu/browse_language.php?function=detail&speakerid=2524,mandarin98,mandarin
http://accent.gmu.edu/browse_language.php?function=detail&speakerid=2529,mandarin99,mandarin
http://accent.gmu.edu/browse_language.php?function=detail&speakerid=2530,mandarin100,mandarin
http://accent.gmu.edu/browse_language.php?function=detail&speakerid=2531,mandarin101,mandarin
http://accent.gmu.edu/browse_language.php?function=detail&speakerid=2532,mandarin102,mandarin
http://accent.gmu.edu/browse_language.php?function=detail&speakerid=2538,mandarin103,mandarin
http://accent.gmu.edu/browse_language.php?function=detail&speakerid=2539,mandarin104,mandarin
http://accent.gmu.edu/browse_language.php?function=detail&speakerid=2540,mandarin105,mandarin
http://accent.gmu.edu/browse_language.php?function=detail&speakerid=2542,mandarin106,mandarin
http://accent.gmu.edu/browse_language.php?function=detail&speakerid=2554,mandarin107,mandarin
http://accent.gmu.edu/browse_language.php?function=detail&speakerid=2557,mandarin108,mandarin
http://accent.gmu.edu/browse_language.php?function=detail&speakerid=2559,mandarin109,mandarin
http://accent.gmu.edu/browse_language.php?function=detail&speakerid=2560,mandarin110,mandarin
http://accent.gmu.edu/browse_language.php?function=detail&speakerid=2562,mandarin111,mandarin
http://accent.gmu.edu/browse_language.php?function=detail&speakerid=2564,mandarin112,mandarin
http://accent.gmu.edu/browse_language.php?function=detail&speakerid=2566,mandarin113,mandarin
http://accent.gmu.edu/browse_language.php?function=detail&speakerid=2599,mandarin114,mandarin
http://accent.gmu.edu/browse_language.php?function=detail&speakerid=2675,mandarin115,mandarin
http://accent.gmu.edu/browse_language.php?function=detail&speakerid=2677,mandarin116,mandarin
http://accent.gmu.edu/browse_language.php?function=detail&speakerid=2678,mandarin117,mandarin
http://accent.gmu.edu/browse_language.php?function=detail&speakerid=2679,mandarin118,mandarin
http://accent.gmu.edu/browse_language.php?function=detail&speakerid=2699,mandarin119,mandarin
http://accent.gmu.edu/browse_language.php?function=detail&speakerid=2700,mandarin120,mandarin
http://accent.gmu.edu/browse_language.php?function=detail&speakerid=2708,mandarin121,mandarin
http://accent.gmu.edu/browse_language.php?function=detail&speakerid=2711,mandarin122,mandarin
http://accent.gmu.edu/browse_language.php?function=detail&speakerid=2714,mandarin123,mandarin
http://accent.gmu.edu/browse_language.php?function=detail&speakerid=2716,mandarin124,mandarin
http://accent.gmu.edu/browse_language.php?function=detail&speakerid=2719,mandarin125,mandarin
http://accent.gmu.edu/browse_language.php?function=detail&speakerid=2726,mandarin126,mandarin
http://accent.gmu.edu/browse_language.php?function=detail&speakerid=2748,mandarin127,mandarin
http://accent.gmu.edu/browse_language.php?function=detail&speakerid=2772,mandarin128,mandarin
http://accent.gmu.edu/browse_language.php?function=detail&speakerid=2773,mandarin129,mandarin
http://accent.gmu.edu/browse_language.php?function=detail&speakerid=2798,mandarin130,mandarin
http://accent.gmu.edu/browse_language.php?function=detail&speakerid=2836,mandarin131,mandarin
http://accent.gmu.edu/browse_language.php?function=detail&speakerid=2837,mandarin132,mandarin
http://accent.gmu.edu/browse_language.php?function=detail&speakerid=2876,mandarin133,mandarin
http://accent.gmu.edu/browse_language.php?function=detail&speakerid=2877,mandarin134,mandarin
http://accent.gmu.edu/browse_language.php?function=detail&speakerid=2878,mandarin135,mandarin
http://accent.gmu.edu/browse_language.php?function=detail&speakerid=2879,mandarin136,mandarin
http://accent.gmu.edu/browse_language.php?function=detail&speakerid=2880,mandarin137,mandarin
http://accent.gmu.edu/browse_language.php?function=detail&speakerid=2881,mandarin138,mandarin
http://accent.gmu.edu/browse_language.php?function=detail&speakerid=2882,mandarin139,mandarin
http://accent.gmu.edu/browse_language.php?function=detail&speakerid=2883,mandarin140,mandarin
http://accent.gmu.edu/browse_language.php?function=detail&speakerid=2884,mandarin141,mandarin
http://accent.gmu.edu/browse_language.php?function=detail&speakerid=2885,mandarin142,mandarin
http://accent.gmu.edu/browse_language.php?function=detail&speakerid=2886,mandarin143,mandarin
http://accent.gmu.edu/browse_language.php?function=detail&speakerid=2887,mandarin144,mandarin
http://accent.gmu.edu/browse_language.php?function=detail&speakerid=2888,mandarin145,mandarin
http://accent.gmu.edu/browse_language.php?function=detail&speakerid=2890,mandarin146,mandarin
http://accent.gmu.edu/browse_language.php?function=detail&speakerid=2891,mandarin147,mandarin
http://accent.gmu.edu/browse_language.php?function=detail&speakerid=2892,mandarin148,mandarin
http://accent.gmu.edu/browse_language.php?function=detail&speakerid=2893,mandarin149,mandarin
http://accent.gmu.edu/browse_language.php?function=detail&speakerid=2936,mandarin150,mandarin
http://accent.gmu.edu/browse_language.php?function=detail&speakerid=61,english1,english
http://accent.gmu.edu/browse_language.php?function=detail&speakerid=77,english2,english
http://accent.gmu.edu/browse_language.php?function=detail&speakerid=88,english3,english
http://accent.gmu.edu/browse_language.php?function=detail&speakerid=99,english4,english
http://accent.gmu.edu/browse_language.php?function=detail&speakerid=110,english5,english
http://accent.gmu.edu/browse_language.php?function=detail&speakerid=121,english6,english
http://accent.gmu.edu/browse_language.php?function=detail&speakerid=132,english7,english
http://accent.gmu.edu/browse_language.php?function=detail&speakerid=143,english8,english
http://accent.gmu.edu/browse_language.php?function=detail&speakerid=154,english9,english
http://accent.gmu.edu/browse_language.php?function=detail&speakerid=62,english10,english
http://accent.gmu.edu/browse_language.php?function=detail&speakerid=68,english11,english
http://accent.gmu.edu/browse_language.php?function=detail&speakerid=69,english12,english
http://accent.gmu.edu/browse_language.php?function=detail&speakerid=70,english13,english
http://accent.gmu.edu/browse_language.php?function=detail&speakerid=71,english14,english
http://accent.gmu.edu/browse_language.php?function=detail&speakerid=72,english15,english
http://accent.gmu.edu/browse_language.php?function=detail&speakerid=73,english16,english
http://accent.gmu.edu/browse_language.php?function=detail&speakerid=74,english17,english
http://accent.gmu.edu/browse_language.php?function=detail&speakerid=75,english18,english
http://accent.gmu.edu/browse_language.php?function=detail&speakerid=76,english19,english
http://accent.gmu.edu/browse_language.php?function=detail&speakerid=78,english20,english
http://accent.gmu.edu/browse_language.php?function=detail&speakerid=79,english21,english
http://accent.gmu.edu/browse_language.php?function=detail&speakerid=80,english22,english
http://accent.gmu.edu/browse_language.php?function=detail&speakerid=81,english23,english
http://accent.gmu.edu/browse_language.php?function=detail&speakerid=82,english24,english
http://accent.gmu.edu/browse_language.php?function=detail&speakerid=83,english25,english
http://accent.gmu.edu/browse_language.php?function=detail&speakerid=84,english26,english
http://accent.gmu.edu/browse_language.php?function=detail&speakerid=85,english27,english
http://accent.gmu.edu/browse_language.php?function=detail&speakerid=86,english28,english
http://accent.gmu.edu/browse_language.php?function=detail&speakerid=87,english29,english
http://accent.gmu.edu/browse_language.php?function=detail&speakerid=89,english30,english
http://accent.gmu.edu/browse_language.php?function=detail&speakerid=90,english31,english
http://accent.gmu.edu/browse_language.php?function=detail&speakerid=91,english32,english
http://accent.gmu.edu/browse_language.php?function=detail&speakerid=92,english33,english
http://accent.gmu.edu/browse_language.php?function=detail&speakerid=93,english34,english
http://accent.gmu.edu/browse_language.php?function=detail&speakerid=94,english35,english
http://accent.gmu.edu/browse_language.php?function=detail&speakerid=95,english36,english
http://accent.gmu.edu/browse_language.php?function=detail&speakerid=96,english37,english
http://accent.gmu.edu/browse_language.php?function=detail&speakerid=97,english38,english
http://accent.gmu.edu/browse_language.php?function=detail&speakerid=98,english39,english
http://accent.gmu.edu/browse_language.php?function=detail&speakerid=100,english40,english
http://accent.gmu.edu/browse_language.php?function=detail&speakerid=101,english41,english
http://accent.gmu.edu/browse_language.php?function=detail&speakerid=102,english42,english
http://accent.gmu.edu/browse_language.php?function=detail&speakerid=103,english43,english
http://accent.gmu.edu/browse_language.php?function=detail&speakerid=104,english44,english
http://accent.gmu.edu/browse_language.php?function=detail&speakerid=105,english45,english
http://accent.gmu.edu/browse_language.php?function=detail&speakerid=106,english46,english
http://accent.gmu.edu/browse_language.php?function=detail&speakerid=107,english47,english
http://accent.gmu.edu/browse_language.php?function=detail&speakerid=108,english48,english
http://accent.gmu.edu/browse_language.php?function=detail&speakerid=109,english49,english
http://accent.gmu.edu/browse_language.php?function=detail&speakerid=111,english50,english
http://accent.gmu.edu/browse_language.php?function=detail&speakerid=112,english51,english
http://accent.gmu.edu/browse_language.php?function=detail&speakerid=113,english52,english
http://accent.gmu.edu/browse_language.php?function=detail&speakerid=114,english53,english
http://accent.gmu.edu/browse_language.php?function=detail&speakerid=115,english54,english
http://accent.gmu.edu/browse_language.php?function=detail&speakerid=116,english55,english
http://accent.gmu.edu/browse_language.php?function=detail&speakerid=117,english56,english
http://accent.gmu.edu/browse_language.php?function=detail&speakerid=118,english57,english
http://accent.gmu.edu/browse_language.php?function=detail&speakerid=119,english58,english
http://accent.gmu.edu/browse_language.php?function=detail&speakerid=120,english59,english
http://accent.gmu.edu/browse_language.php?function=detail&speakerid=122,english60,english
http://accent.gmu.edu/browse_language.php?function=detail&speakerid=123,english61,english
http://accent.gmu.edu/browse_language.php?function=detail&speakerid=124,english62,english
http://accent.gmu.edu/browse_language.php?function=detail&speakerid=125,english63,english
http://accent.gmu.edu/browse_language.php?function=detail&speakerid=126,english64,english
http://accent.gmu.edu/browse_language.php?function=detail&speakerid=127,english65,english
http://accent.gmu.edu/browse_language.php?function=detail&speakerid=128,english66,english
http://accent.gmu.edu/browse_language.php?function=detail&speakerid=129,english67,english
http://accent.gmu.edu/browse_language.php?function=detail&speakerid=130,english68,english
http://accent.gmu.edu/browse_language.php?function=detail&speakerid=131,english69,english
http://accent.gmu.edu/browse_language.php?function=detail&speakerid=133,english70,english
http://accent.gmu.edu/browse_language.php?function=detail&speakerid=134,english71,english
http://accent.gmu.edu/browse_language.php?function=detail&speakerid=135,english72,english
http://accent.gmu.edu/browse_language.php?function=detail&speakerid=136,english73,english
http://accent.gmu.edu/browse_language.php?function=detail&speakerid=137,english74,english
http://accent.gmu.edu/browse_language.php?function=detail&speakerid=138,english75,english
http://accent.gmu.edu/browse_language.php?function=detail&speakerid=139,english76,english
http://accent.gmu.edu/browse_language.php?function=detail&speakerid=140,english77,english
http://accent.gmu.edu/browse_language.php?function=detail&speakerid=141,english78,english
http://accent.gmu.edu/browse_language.php?function=detail&speakerid=142,english79,english
http://accent.gmu.edu/browse_language.php?function=detail&speakerid=144,english80,english
http://accent.gmu.edu/browse_language.php?function=detail&speakerid=145,english81,english
http://accent.gmu.edu/browse_language.php?function=detail&speakerid=146,english82,english
http://accent.gmu.edu/browse_language.php?function=detail&speakerid=147,english83,english
http://accent.gmu.edu/browse_language.php?function=detail&speakerid=148,english84,english
http://accent.gmu.edu/browse_language.php?function=detail&speakerid=149,english85,english
http://accent.gmu.edu/browse_language.php?function=detail&speakerid=150,english86,english
http://accent.gmu.edu/browse_language.php?function=detail&speakerid=151,english87,english
http://accent.gmu.edu/browse_language.php?function=detail&speakerid=152,english88,english
http://accent.gmu.edu/browse_language.php?function=detail&speakerid=153,english89,english
http://accent.gmu.edu/browse_language.php?function=detail&speakerid=155,english90,english
http://accent.gmu.edu/browse_language.php?function=detail&speakerid=156,english91,english
http://accent.gmu.edu/browse_language.php?function=detail&speakerid=157,english92,english
http://accent.gmu.edu/browse_language.php?function=detail&speakerid=158,english93,english
http://accent.gmu.edu/browse_language.php?function=detail&speakerid=159,english94,english
http://accent.gmu.edu/browse_language.php?function=detail&speakerid=160,english95,english
http://accent.gmu.edu/browse_language.php?function=detail&speakerid=161,english96,english
http://accent.gmu.edu/browse_language.php?function=detail&speakerid=162,english97,english
http://accent.gmu.edu/browse_language.php?function=detail&speakerid=163,english98,english
http://accent.gmu.edu/browse_language.php?function=detail&speakerid=164,english99,english
http://accent.gmu.edu/browse_language.php?function=detail&speakerid=63,english100,english
http://accent.gmu.edu/browse_language.php?function=detail&speakerid=64,english101,english
http://accent.gmu.edu/browse_language.php?function=detail&speakerid=65,english102,english
http://accent.gmu.edu/browse_language.php?function=detail&speakerid=66,english103,english
http://accent.gmu.edu/browse_language.php?function=detail&speakerid=67,english104,english
http://accent.gmu.edu/browse_language.php?function=detail&speakerid=407,english105,english
http://accent.gmu.edu/browse_language.php?function=detail&speakerid=408,english106,english
http://accent.gmu.edu/browse_language.php?function=detail&speakerid=416,english107,english
http://accent.gmu.edu/browse_language.php?function=detail&speakerid=419,english108,english
http://accent.gmu.edu/browse_language.php?function=detail&speakerid=420,english109,english
http://accent.gmu.edu/browse_language.php?function=detail&speakerid=421,english110,english
http://accent.gmu.edu/browse_language.php?function=detail&speakerid=426,english111,english
http://accent.gmu.edu/browse_language.php?function=detail&speakerid=427,english112,english
http://accent.gmu.edu/browse_language.php?function=detail&speakerid=439,english113,english
http://accent.gmu.edu/browse_language.php?function=detail&speakerid=442,english114,english
http://accent.gmu.edu/browse_language.php?function=detail&speakerid=443,english115,english
http://accent.gmu.edu/browse_language.php?function=detail&speakerid=444,english116,english
http://accent.gmu.edu/browse_language.php?function=detail&speakerid=445,english117,english
http://accent.gmu.edu/browse_language.php?function=detail&speakerid=446,english118,english
http://accent.gmu.edu/browse_language.php?function=detail&speakerid=455,english119,english
http://accent.gmu.edu/browse_language.php?function=detail&speakerid=456,english120,english
http://accent.gmu.edu/browse_language.php?function=detail&speakerid=465,english121,english
http://accent.gmu.edu/browse_language.php?function=detail&speakerid=468,english122,english
http://accent.gmu.edu/browse_language.php?function=detail&speakerid=469,english123,english
http://accent.gmu.edu/browse_language.php?function=detail&speakerid=480,english124,english
http://accent.gmu.edu/browse_language.php?function=detail&speakerid=485,english125,english
http://accent.gmu.edu/browse_language.php?function=detail&speakerid=487,english126,english
http://accent.gmu.edu/browse_language.php?function=detail&speakerid=489,english127,english
http://accent.gmu.edu/browse_language.php?function=detail&speakerid=490,english128,english
http://accent.gmu.edu/browse_language.php?function=detail&speakerid=492,english129,english
http://accent.gmu.edu/browse_language.php?function=detail&speakerid=496,english130,english
http://accent.gmu.edu/browse_language.php?function=detail&speakerid=497,english131,english
http://accent.gmu.edu/browse_language.php?function=detail&speakerid=503,english132,english
http://accent.gmu.edu/browse_language.php?function=detail&speakerid=504,english133,english
http://accent.gmu.edu/browse_language.php?function=detail&speakerid=506,english134,english
http://accent.gmu.edu/browse_language.php?function=detail&speakerid=507,english135,english
http://accent.gmu.edu/browse_language.php?function=detail&speakerid=508,english136,english
http://accent.gmu.edu/browse_language.php?function=detail&speakerid=509,english137,english
http://accent.gmu.edu/browse_language.php?function=detail&speakerid=510,english138,english
http://accent.gmu.edu/browse_language.php?function=detail&speakerid=511,english139,english
http://accent.gmu.edu/browse_language.php?function=detail&speakerid=515,english140,english
http://accent.gmu.edu/browse_language.php?function=detail&speakerid=516,english141,english
http://accent.gmu.edu/browse_language.php?function=detail&speakerid=517,english142,english
http://accent.gmu.edu/browse_language.php?function=detail&speakerid=518,english143,english
http://accent.gmu.edu/browse_language.php?function=detail&speakerid=519,english144,english
http://accent.gmu.edu/browse_language.php?function=detail&speakerid=521,english145,english
http://accent.gmu.edu/browse_language.php?function=detail&speakerid=522,english146,english
http://accent.gmu.edu/browse_language.php?function=detail&speakerid=523,english147,english
http://accent.gmu.edu/browse_language.php?function=detail&speakerid=525,english148,english
http://accent.gmu.edu/browse_language.php?function=detail&speakerid=526,english149,english
http://accent.gmu.edu/browse_language.php?function=detail&speakerid=527,english150,english
http://accent.gmu.edu/browse_language.php?function=detail&speakerid=528,english151,english
http://accent.gmu.edu/browse_language.php?function=detail&speakerid=529,english152,english
http://accent.gmu.edu/browse_language.php?function=detail&speakerid=533,english153,english
http://accent.gmu.edu/browse_language.php?function=detail&speakerid=534,english154,english
http://accent.gmu.edu/browse_language.php?function=detail&speakerid=535,english155,english
http://accent.gmu.edu/browse_language.php?function=detail&speakerid=536,english156,english
http://accent.gmu.edu/browse_language.php?function=detail&speakerid=538,english157,english
http://accent.gmu.edu/browse_language.php?function=detail&speakerid=540,english158,english
http://accent.gmu.edu/browse_language.php?function=detail&speakerid=541,english159,english
http://accent.gmu.edu/browse_language.php?function=detail&speakerid=542,english160,english
http://accent.gmu.edu/browse_language.php?function=detail&speakerid=546,english161,english
http://accent.gmu.edu/browse_language.php?function=detail&speakerid=548,english162,english
http://accent.gmu.edu/browse_language.php?function=detail&speakerid=547,english163,english
http://accent.gmu.edu/browse_language.php?function=detail&speakerid=549,english164,english
http://accent.gmu.edu/browse_language.php?function=detail&speakerid=550,english165,english
http://accent.gmu.edu/browse_language.php?function=detail&speakerid=551,english166,english
http://accent.gmu.edu/browse_language.php?function=detail&speakerid=552,english167,english
http://accent.gmu.edu/browse_language.php?function=detail&speakerid=554,english168,english
http://accent.gmu.edu/browse_language.php?function=detail&speakerid=555,english169,english
http://accent.gmu.edu/browse_language.php?function=detail&speakerid=556,english170,english
http://accent.gmu.edu/browse_language.php?function=detail&speakerid=563,english171,english
http://accent.gmu.edu/browse_language.php?function=detail&speakerid=564,english172,english
http://accent.gmu.edu/browse_language.php?function=detail&speakerid=567,english173,english
http://accent.gmu.edu/browse_language.php?function=detail&speakerid=568,english174,english
http://accent.gmu.edu/browse_language.php?function=detail&speakerid=572,english175,english
http://accent.gmu.edu/browse_language.php?function=detail&speakerid=573,english176,english
http://accent.gmu.edu/browse_language.php?function=detail&speakerid=574,english177,english
http://accent.gmu.edu/browse_language.php?function=detail&speakerid=583,english178,english
http://accent.gmu.edu/browse_language.php?function=detail&speakerid=584,english179,english
http://accent.gmu.edu/browse_language.php?function=detail&speakerid=585,english180,english
http://accent.gmu.edu/browse_language.php?function=detail&speakerid=586,english181,english
http://accent.gmu.edu/browse_language.php?function=detail&speakerid=590,english182,english
http://accent.gmu.edu/browse_language.php?function=detail&speakerid=595,english183,english
http://accent.gmu.edu/browse_language.php?function=detail&speakerid=597,english184,english
http://accent.gmu.edu/browse_language.php?function=detail&speakerid=604,english185,english
http://accent.gmu.edu/browse_language.php?function=detail&speakerid=605,english186,english
http://accent.gmu.edu/browse_language.php?function=detail&speakerid=606,english187,english
http://accent.gmu.edu/browse_language.php?function=detail&speakerid=611,english188,english
http://accent.gmu.edu/browse_language.php?function=detail&speakerid=617,english189,english
http://accent.gmu.edu/browse_language.php?function=detail&speakerid=618,english190,english
http://accent.gmu.edu/browse_language.php?function=detail&speakerid=631,english191,english
http://accent.gmu.edu/browse_language.php?function=detail&speakerid=636,english192,english
http://accent.gmu.edu/browse_language.php?function=detail&speakerid=637,english193,english
http://accent.gmu.edu/browse_language.php?function=detail&speakerid=638,english194,english
http://accent.gmu.edu/browse_language.php?function=detail&speakerid=639,english195,english
http://accent.gmu.edu/browse_language.php?function=detail&speakerid=654,english196,english
http://accent.gmu.edu/browse_language.php?function=detail&speakerid=662,english197,english
http://accent.gmu.edu/browse_language.php?function=detail&speakerid=663,english198,english
http://accent.gmu.edu/browse_language.php?function=detail&speakerid=664,english199,english
http://accent.gmu.edu/browse_language.php?function=detail&speakerid=667,english200,english
http://accent.gmu.edu/browse_language.php?function=detail&speakerid=668,english201,english
http://accent.gmu.edu/browse_language.php?function=detail&speakerid=673,english202,english
http://accent.gmu.edu/browse_language.php?function=detail&speakerid=674,english203,english
http://accent.gmu.edu/browse_language.php?function=detail&speakerid=678,english204,english
http://accent.gmu.edu/browse_language.php?function=detail&speakerid=679,english205,english
http://accent.gmu.edu/browse_language.php?function=detail&speakerid=680,english206,english
http://accent.gmu.edu/browse_language.php?function=detail&speakerid=684,english207,english
http://accent.gmu.edu/browse_language.php?function=detail&speakerid=695,english208,english
http://accent.gmu.edu/browse_language.php?function=detail&speakerid=702,english209,english
http://accent.gmu.edu/browse_language.php?function=detail&speakerid=705,english210,english
http://accent.gmu.edu/browse_language.php?function=detail&speakerid=720,english211,english
http://accent.gmu.edu/browse_language.php?function=detail&speakerid=729,english212,english
http://accent.gmu.edu/browse_language.php?function=detail&speakerid=734,english213,english
http://accent.gmu.edu/browse_language.php?function=detail&speakerid=737,english214,english
http://accent.gmu.edu/browse_language.php?function=detail&speakerid=738,english215,english
http://accent.gmu.edu/browse_language.php?function=detail&speakerid=739,english216,english
http://accent.gmu.edu/browse_language.php?function=detail&speakerid=740,english217,english
http://accent.gmu.edu/browse_language.php?function=detail&speakerid=747,english218,english
http://accent.gmu.edu/browse_language.php?function=detail&speakerid=748,english219,english
http://accent.gmu.edu/browse_language.php?function=detail&speakerid=749,english220,english
http://accent.gmu.edu/browse_language.php?function=detail&speakerid=754,english221,english
http://accent.gmu.edu/browse_language.php?function=detail&speakerid=764,english222,english
http://accent.gmu.edu/browse_language.php?function=detail&speakerid=767,english223,english
http://accent.gmu.edu/browse_language.php?function=detail&speakerid=768,english224,english
http://accent.gmu.edu/browse_language.php?function=detail&speakerid=771,english225,english
http://accent.gmu.edu/browse_language.php?function=detail&speakerid=772,english226,english
http://accent.gmu.edu/browse_language.php?function=detail&speakerid=773,english227,english
http://accent.gmu.edu/browse_language.php?function=detail&speakerid=774,english228,english
http://accent.gmu.edu/browse_language.php?function=detail&speakerid=775,english229,english
http://accent.gmu.edu/browse_language.php?function=detail&speakerid=776,english230,english
http://accent.gmu.edu/browse_language.php?function=detail&speakerid=791,english231,english
http://accent.gmu.edu/browse_language.php?function=detail&speakerid=798,english232,english
http://accent.gmu.edu/browse_language.php?function=detail&speakerid=793,english233,english
http://accent.gmu.edu/browse_language.php?function=detail&speakerid=794,english234,english
http://accent.gmu.edu/browse_language.php?function=detail&speakerid=795,english235,english
http://accent.gmu.edu/browse_language.php?function=detail&speakerid=799,english236,english
http://accent.gmu.edu/browse_language.php?function=detail&speakerid=801,english237,english
http://accent.gmu.edu/browse_language.php?function=detail&speakerid=802,english238,english
http://accent.gmu.edu/browse_language.php?function=detail&speakerid=803,english239,english
http://accent.gmu.edu/browse_language.php?function=detail&speakerid=815,english240,english
http://accent.gmu.edu/browse_language.php?function=detail&speakerid=817,english241,english
http://accent.gmu.edu/browse_language.php?function=detail&speakerid=818,english242,english
http://accent.gmu.edu/browse_language.php?function=detail&speakerid=820,english243,english
http://accent.gmu.edu/browse_language.php?function=detail&speakerid=821,english244,english
http://accent.gmu.edu/browse_language.php?function=detail&speakerid=824,english245,english
http://accent.gmu.edu/browse_language.php?function=detail&speakerid=825,english246,english
http://accent.gmu.edu/browse_language.php?function=detail&speakerid=835,english247,english
http://accent.gmu.edu/browse_language.php?function=detail&speakerid=840,english248,english
http://accent.gmu.edu/browse_language.php?function=detail&speakerid=850,english249,english
http://accent.gmu.edu/browse_language.php?function=detail&speakerid=852,english250,english
http://accent.gmu.edu/browse_language.php?function=detail&speakerid=855,english251,english
http://accent.gmu.edu/browse_language.php?function=detail&speakerid=856,english252,english
http://accent.gmu.edu/browse_language.php?function=detail&speakerid=857,english253,english
http://accent.gmu.edu/browse_language.php?function=detail&speakerid=858,english254,english
http://accent.gmu.edu/browse_language.php?function=detail&speakerid=859,english255,english
http://accent.gmu.edu/browse_language.php?function=detail&speakerid=861,english256,english
http://accent.gmu.edu/browse_language.php?function=detail&speakerid=863,english257,english
http://accent.gmu.edu/browse_language.php?function=detail&speakerid=869,english258,english
http://accent.gmu.edu/browse_language.php?function=detail&speakerid=870,english259,english
http://accent.gmu.edu/browse_language.php?function=detail&speakerid=871,english260,english
http://accent.gmu.edu/browse_language.php?function=detail&speakerid=875,english261,english
http://accent.gmu.edu/browse_language.php?function=detail&speakerid=876,english262,english
http://accent.gmu.edu/browse_language.php?function=detail&speakerid=884,english263,english
http://accent.gmu.edu/browse_language.php?function=detail&speakerid=889,english264,english
http://accent.gmu.edu/browse_language.php?function=detail&speakerid=890,english265,english
http://accent.gmu.edu/browse_language.php?function=detail&speakerid=899,english266,english
http://accent.gmu.edu/browse_language.php?function=detail&speakerid=900,english267,english
http://accent.gmu.edu/browse_language.php?function=detail&speakerid=901,english268,english
http://accent.gmu.edu/browse_language.php?function=detail&speakerid=902,english269,english
http://accent.gmu.edu/browse_language.php?function=detail&speakerid=903,english270,english
http://accent.gmu.edu/browse_language.php?function=detail&speakerid=904,english271,english
http://accent.gmu.edu/browse_language.php?function=detail&speakerid=905,english272,english
http://accent.gmu.edu/browse_language.php?function=detail&speakerid=907,english273,english
http://accent.gmu.edu/browse_language.php?function=detail&speakerid=909,english274,english
http://accent.gmu.edu/browse_language.php?function=detail&speakerid=912,english275,english
http://accent.gmu.edu/browse_language.php?function=detail&speakerid=918,english276,english
http://accent.gmu.edu/browse_language.php?function=detail&speakerid=919,english277,english
http://accent.gmu.edu/browse_language.php?function=detail&speakerid=921,english278,english
http://accent.gmu.edu/browse_language.php?function=detail&speakerid=922,english279,english
http://accent.gmu.edu/browse_language.php?function=detail&speakerid=935,english280,english
http://accent.gmu.edu/browse_language.php?function=detail&speakerid=937,english281,english
http://accent.gmu.edu/browse_language.php?function=detail&speakerid=939,english282,english
http://accent.gmu.edu/browse_language.php?function=detail&speakerid=951,english283,english
http://accent.gmu.edu/browse_language.php?function=detail&speakerid=952,english284,english
http://accent.gmu.edu/browse_language.php?function=detail&speakerid=961,english285,english
http://accent.gmu.edu/browse_language.php?function=detail&speakerid=977,english286,english
http://accent.gmu.edu/browse_language.php?function=detail&speakerid=981,english287,english
http://accent.gmu.edu/browse_language.php?function=detail&speakerid=982,english288,english
http://accent.gmu.edu/browse_language.php?function=detail&speakerid=983,english289,english
http://accent.gmu.edu/browse_language.php?function=detail&speakerid=986,english290,english
http://accent.gmu.edu/browse_language.php?function=detail&speakerid=1026,english291,english
http://accent.gmu.edu/browse_language.php?function=detail&speakerid=1051,english292,english
http://accent.gmu.edu/browse_language.php?function=detail&speakerid=1052,english293,english
http://accent.gmu.edu/browse_language.php?function=detail&speakerid=1060,english294,english
http://accent.gmu.edu/browse_language.php?function=detail&speakerid=1067,english295,english
http://accent.gmu.edu/browse_language.php?function=detail&speakerid=1070,english296,english
http://accent.gmu.edu/browse_language.php?function=detail&speakerid=1071,english297,english
http://accent.gmu.edu/browse_language.php?function=detail&speakerid=1072,english298,english
http://accent.gmu.edu/browse_language.php?function=detail&speakerid=1075,english299,english
http://accent.gmu.edu/browse_language.php?function=detail&speakerid=1076,english300,english
http://accent.gmu.edu/browse_language.php?function=detail&speakerid=1078,english301,english
http://accent.gmu.edu/browse_language.php?function=detail&speakerid=1085,english302,english
http://accent.gmu.edu/browse_language.php?function=detail&speakerid=1086,english303,english
http://accent.gmu.edu/browse_language.php?function=detail&speakerid=1088,english304,english
http://accent.gmu.edu/browse_language.php?function=detail&speakerid=1094,english305,english
http://accent.gmu.edu/browse_language.php?function=detail&speakerid=1093,english306,english
http://accent.gmu.edu/browse_language.php?function=detail&speakerid=1100,english307,english
http://accent.gmu.edu/browse_language.php?function=detail&speakerid=1101,english308,english
http://accent.gmu.edu/browse_language.php?function=detail&speakerid=1105,english309,english
http://accent.gmu.edu/browse_language.php?function=detail&speakerid=1108,english310,english
http://accent.gmu.edu/browse_language.php?function=detail&speakerid=1110,english311,english
http://accent.gmu.edu/browse_language.php?function=detail&speakerid=1113,english312,english
http://accent.gmu.edu/browse_language.php?function=detail&speakerid=1119,english313,english
http://accent.gmu.edu/browse_language.php?function=detail&speakerid=1120,english314,english
http://accent.gmu.edu/browse_language.php?function=detail&speakerid=1121,english315,english
http://accent.gmu.edu/browse_language.php?function=detail&speakerid=1122,english316,english
http://accent.gmu.edu/browse_language.php?function=detail&speakerid=1132,english317,english
http://accent.gmu.edu/browse_language.php?function=detail&speakerid=1137,english318,english
http://accent.gmu.edu/browse_language.php?function=detail&speakerid=1138,english319,english
http://accent.gmu.edu/browse_language.php?function=detail&speakerid=1162,english320,english
http://accent.gmu.edu/browse_language.php?function=detail&speakerid=1163,english321,english
http://accent.gmu.edu/browse_language.php?function=detail&speakerid=1172,english322,english
http://accent.gmu.edu/browse_language.php?function=detail&speakerid=1173,english323,english
http://accent.gmu.edu/browse_language.php?function=detail&speakerid=1174,english324,english
http://accent.gmu.edu/browse_language.php?function=detail&speakerid=1176,english325,english
http://accent.gmu.edu/browse_language.php?function=detail&speakerid=1188,english326,english
http://accent.gmu.edu/browse_language.php?function=detail&speakerid=1205,english327,english
http://accent.gmu.edu/browse_language.php?function=detail&speakerid=1206,english328,english
http://accent.gmu.edu/browse_language.php?function=detail&speakerid=1207,english329,english
http://accent.gmu.edu/browse_language.php?function=detail&speakerid=1208,english330,english
http://accent.gmu.edu/browse_language.php?function=detail&speakerid=1209,english331,english
http://accent.gmu.edu/browse_language.php?function=detail&speakerid=1212,english332,english
http://accent.gmu.edu/browse_language.php?function=detail&speakerid=1214,english333,english
http://accent.gmu.edu/browse_language.php?function=detail&speakerid=1215,english334,english
http://accent.gmu.edu/browse_language.php?function=detail&speakerid=1216,english335,english
http://accent.gmu.edu/browse_language.php?function=detail&speakerid=1217,english336,english
http://accent.gmu.edu/browse_language.php?function=detail&speakerid=1218,english337,english
http://accent.gmu.edu/browse_language.php?function=detail&speakerid=1219,english338,english
http://accent.gmu.edu/browse_language.php?function=detail&speakerid=1220,english339,english
http://accent.gmu.edu/browse_language.php?function=detail&speakerid=1222,english340,english
http://accent.gmu.edu/browse_language.php?function=detail&speakerid=1224,english341,english
http://accent.gmu.edu/browse_language.php?function=detail&speakerid=1225,english342,english
http://accent.gmu.edu/browse_language.php?function=detail&speakerid=1226,english343,english
http://accent.gmu.edu/browse_language.php?function=detail&speakerid=1232,english344,english
http://accent.gmu.edu/browse_language.php?function=detail&speakerid=1233,english345,english
http://accent.gmu.edu/browse_language.php?function=detail&speakerid=1235,english346,english
http://accent.gmu.edu/browse_language.php?function=detail&speakerid=1236,english347,english
http://accent.gmu.edu/browse_language.php?function=detail&speakerid=1237,english348,english
http://accent.gmu.edu/browse_language.php?function=detail&speakerid=1239,english349,english
http://accent.gmu.edu/browse_language.php?function=detail&speakerid=1241,english350,english
http://accent.gmu.edu/browse_language.php?function=detail&speakerid=1242,english351,english
http://accent.gmu.edu/browse_language.php?function=detail&speakerid=1243,english352,english
http://accent.gmu.edu/browse_language.php?function=detail&speakerid=1246,english353,english
http://accent.gmu.edu/browse_language.php?function=detail&speakerid=1250,english354,english
http://accent.gmu.edu/browse_language.php?function=detail&speakerid=1256,english355,english
http://accent.gmu.edu/browse_language.php?function=detail&speakerid=1257,english356,english
http://accent.gmu.edu/browse_language.php?function=detail&speakerid=1258,english357,english
http://accent.gmu.edu/browse_language.php?function=detail&speakerid=1259,english358,english
http://accent.gmu.edu/browse_language.php?function=detail&speakerid=1276,english359,english
http://accent.gmu.edu/browse_language.php?function=detail&speakerid=1277,english360,english
http://accent.gmu.edu/browse_language.php?function=detail&speakerid=1280,english361,english
http://accent.gmu.edu/browse_language.php?function=detail&speakerid=1281,english362,english
http://accent.gmu.edu/browse_language.php?function=detail&speakerid=1287,english363,english
http://accent.gmu.edu/browse_language.php?function=detail&speakerid=1288,english364,english
http://accent.gmu.edu/browse_language.php?function=detail&speakerid=1292,english365,english
http://accent.gmu.edu/browse_language.php?function=detail&speakerid=1293,english366,english
http://accent.gmu.edu/browse_language.php?function=detail&speakerid=1294,english367,english
http://accent.gmu.edu/browse_language.php?function=detail&speakerid=1295,english368,english
http://accent.gmu.edu/browse_language.php?function=detail&speakerid=1297,english369,english
http://accent.gmu.edu/browse_language.php?function=detail&speakerid=1302,english370,english
http://accent.gmu.edu/browse_language.php?function=detail&speakerid=1303,english371,english
http://accent.gmu.edu/browse_language.php?function=detail&speakerid=1307,english372,english
http://accent.gmu.edu/browse_language.php?function=detail&speakerid=1308,english373,english
http://accent.gmu.edu/browse_language.php?function=detail&speakerid=1310,english374,english
http://accent.gmu.edu/browse_language.php?function=detail&speakerid=1312,english375,english
http://accent.gmu.edu/browse_language.php?function=detail&speakerid=1315,english376,english
http://accent.gmu.edu/browse_language.php?function=detail&speakerid=1319,english377,english
http://accent.gmu.edu/browse_language.php?function=detail&speakerid=1320,english378,english
http://accent.gmu.edu/browse_language.php?function=detail&speakerid=1321,english379,english
http://accent.gmu.edu/browse_language.php?function=detail&speakerid=1323,english380,english
http://accent.gmu.edu/browse_language.php?function=detail&speakerid=1324,english381,english
http://accent.gmu.edu/browse_language.php?function=detail&speakerid=1325,english382,english
http://accent.gmu.edu/browse_language.php?function=detail&speakerid=1326,english383,english
http://accent.gmu.edu/browse_language.php?function=detail&speakerid=1327,english384,english
http://accent.gmu.edu/browse_language.php?function=detail&speakerid=1328,english385,english
http://accent.gmu.edu/browse_language.php?function=detail&speakerid=1330,english386,english
http://accent.gmu.edu/browse_language.php?function=detail&speakerid=1331,english387,english
http://accent.gmu.edu/browse_language.php?function=detail&speakerid=1332,english388,english
http://accent.gmu.edu/browse_language.php?function=detail&speakerid=1333,english389,english
http://accent.gmu.edu/browse_language.php?function=detail&speakerid=1334,english390,english
http://accent.gmu.edu/browse_language.php?function=detail&speakerid=1335,english391,english
http://accent.gmu.edu/browse_language.php?function=detail&speakerid=1336,english392,english
http://accent.gmu.edu/browse_language.php?function=detail&speakerid=1337,english393,english
http://accent.gmu.edu/browse_language.php?function=detail&speakerid=1339,english394,english
http://accent.gmu.edu/browse_language.php?function=detail&speakerid=1340,english395,english
http://accent.gmu.edu/browse_language.php?function=detail&speakerid=1341,english396,english
http://accent.gmu.edu/browse_language.php?function=detail&speakerid=1342,english397,english
http://accent.gmu.edu/browse_language.php?function=detail&speakerid=1343,english398,english
http://accent.gmu.edu/browse_language.php?function=detail&speakerid=1345,english399,english
http://accent.gmu.edu/browse_language.php?function=detail&speakerid=1348,english400,english
http://accent.gmu.edu/browse_language.php?function=detail&speakerid=1349,english401,english
http://accent.gmu.edu/browse_language.php?function=detail&speakerid=1350,english402,english
http://accent.gmu.edu/browse_language.php?function=detail&speakerid=1351,english403,english
http://accent.gmu.edu/browse_language.php?function=detail&speakerid=1352,english404,english
http://accent.gmu.edu/browse_language.php?function=detail&speakerid=1353,english405,english
http://accent.gmu.edu/browse_language.php?function=detail&speakerid=1358,english406,english
http://accent.gmu.edu/browse_language.php?function=detail&speakerid=1360,english407,english
http://accent.gmu.edu/browse_language.php?function=detail&speakerid=1361,english408,english
http://accent.gmu.edu/browse_language.php?function=detail&speakerid=1362,english409,english
http://accent.gmu.edu/browse_language.php?function=detail&speakerid=1363,english410,english
http://accent.gmu.edu/browse_language.php?function=detail&speakerid=1371,english411,english
http://accent.gmu.edu/browse_language.php?function=detail&speakerid=1372,english412,english
http://accent.gmu.edu/browse_language.php?function=detail&speakerid=1373,english413,english
http://accent.gmu.edu/browse_language.php?function=detail&speakerid=1374,english414,english
http://accent.gmu.edu/browse_language.php?function=detail&speakerid=1375,english415,english
http://accent.gmu.edu/browse_language.php?function=detail&speakerid=1377,english416,english
http://accent.gmu.edu/browse_language.php?function=detail&speakerid=1380,english417,english
http://accent.gmu.edu/browse_language.php?function=detail&speakerid=1384,english418,english
http://accent.gmu.edu/browse_language.php?function=detail&speakerid=1385,english419,english
http://accent.gmu.edu/browse_language.php?function=detail&speakerid=1387,english420,english
http://accent.gmu.edu/browse_language.php?function=detail&speakerid=1388,english421,english
http://accent.gmu.edu/browse_language.php?function=detail&speakerid=1390,english422,english
http://accent.gmu.edu/browse_language.php?function=detail&speakerid=1395,english423,english
http://accent.gmu.edu/browse_language.php?function=detail&speakerid=1409,english424,english
http://accent.gmu.edu/browse_language.php?function=detail&speakerid=1410,english425,english
http://accent.gmu.edu/browse_language.php?function=detail&speakerid=1411,english426,english
http://accent.gmu.edu/browse_language.php?function=detail&speakerid=1412,english427,english
http://accent.gmu.edu/browse_language.php?function=detail&speakerid=1413,english428,english
http://accent.gmu.edu/browse_language.php?function=detail&speakerid=1416,english429,english
http://accent.gmu.edu/browse_language.php?function=detail&speakerid=1419,english430,english
http://accent.gmu.edu/browse_language.php?function=detail&speakerid=1423,english431,english
http://accent.gmu.edu/browse_language.php?function=detail&speakerid=1428,english432,english
http://accent.gmu.edu/browse_language.php?function=detail&speakerid=1430,english433,english
http://accent.gmu.edu/browse_language.php?function=detail&speakerid=1469,english434,english
http://accent.gmu.edu/browse_language.php?function=detail&speakerid=1471,english435,english
http://accent.gmu.edu/browse_language.php?function=detail&speakerid=1475,english436,english
http://accent.gmu.edu/browse_language.php?function=detail&speakerid=1477,english437,english
http://accent.gmu.edu/browse_language.php?function=detail&speakerid=1492,english438,english
http://accent.gmu.edu/browse_language.php?function=detail&speakerid=1493,english439,english
http://accent.gmu.edu/browse_language.php?function=detail&speakerid=1502,english440,english
http://accent.gmu.edu/browse_language.php?function=detail&speakerid=1524,english441,english
http://accent.gmu.edu/browse_language.php?function=detail&speakerid=1528,english442,english
http://accent.gmu.edu/browse_language.php?function=detail&speakerid=1530,english443,english
http://accent.gmu.edu/browse_language.php?function=detail&speakerid=1531,english444,english
http://accent.gmu.edu/browse_language.php?function=detail&speakerid=1532,english445,english
http://accent.gmu.edu/browse_language.php?function=detail&speakerid=1533,english446,english
http://accent.gmu.edu/browse_language.php?function=detail&speakerid=1534,english447,english
http://accent.gmu.edu/browse_language.php?function=detail&speakerid=1536,english448,english
http://accent.gmu.edu/browse_language.php?function=detail&speakerid=1538,english449,english
http://accent.gmu.edu/browse_language.php?function=detail&speakerid=1544,english450,english
http://accent.gmu.edu/browse_language.php?function=detail&speakerid=1546,english451,english
http://accent.gmu.edu/browse_language.php?function=detail&speakerid=1547,english452,english
http://accent.gmu.edu/browse_language.php?function=detail&speakerid=1548,english453,english
http://accent.gmu.edu/browse_language.php?function=detail&speakerid=1550,english454,english
http://accent.gmu.edu/browse_language.php?function=detail&speakerid=1552,english455,english
http://accent.gmu.edu/browse_language.php?function=detail&speakerid=1554,english456,english
http://accent.gmu.edu/browse_language.php?function=detail&speakerid=1555,english457,english
http://accent.gmu.edu/browse_language.php?function=detail&speakerid=1559,english458,english
http://accent.gmu.edu/browse_language.php?function=detail&speakerid=1560,english459,english
http://accent.gmu.edu/browse_language.php?function=detail&speakerid=1561,english460,english
http://accent.gmu.edu/browse_language.php?function=detail&speakerid=1563,english461,english
http://accent.gmu.edu/browse_language.php?function=detail&speakerid=1564,english462,english
http://accent.gmu.edu/browse_language.php?function=detail&speakerid=1571,english463,english
http://accent.gmu.edu/browse_language.php?function=detail&speakerid=1618,english464,english
http://accent.gmu.edu/browse_language.php?function=detail&speakerid=1635,english465,english
http://accent.gmu.edu/browse_language.php?function=detail&speakerid=1637,english466,english
http://accent.gmu.edu/browse_language.php?function=detail&speakerid=1639,english467,english
http://accent.gmu.edu/browse_language.php?function=detail&speakerid=1640,english468,english
http://accent.gmu.edu/browse_language.php?function=detail&speakerid=1641,english469,english
http://accent.gmu.edu/browse_language.php?function=detail&speakerid=1642,english470,english
http://accent.gmu.edu/browse_language.php?function=detail&speakerid=1648,english471,english
http://accent.gmu.edu/browse_language.php?function=detail&speakerid=1649,english472,english
http://accent.gmu.edu/browse_language.php?function=detail&speakerid=1650,english473,english
http://accent.gmu.edu/browse_language.php?function=detail&speakerid=1656,english474,english
http://accent.gmu.edu/browse_language.php?function=detail&speakerid=1657,english475,english
http://accent.gmu.edu/browse_language.php?function=detail&speakerid=1658,english476,english
http://accent.gmu.edu/browse_language.php?function=detail&speakerid=1659,english477,english
http://accent.gmu.edu/browse_language.php?function=detail&speakerid=1661,english478,english
http://accent.gmu.edu/browse_language.php?function=detail&speakerid=1664,english479,english
http://accent.gmu.edu/browse_language.php?function=detail&speakerid=1665,english480,english
http://accent.gmu.edu/browse_language.php?function=detail&speakerid=1666,english481,english
http://accent.gmu.edu/browse_language.php?function=detail&speakerid=1667,english482,english
http://accent.gmu.edu/browse_language.php?function=detail&speakerid=1668,english483,english
http://accent.gmu.edu/browse_language.php?function=detail&speakerid=1672,english484,english
http://accent.gmu.edu/browse_language.php?function=detail&speakerid=1674,english485,english
http://accent.gmu.edu/browse_language.php?function=detail&speakerid=1683,english486,english
http://accent.gmu.edu/browse_language.php?function=detail&speakerid=1688,english487,english
http://accent.gmu.edu/browse_language.php?function=detail&speakerid=1692,english488,english
http://accent.gmu.edu/browse_language.php?function=detail&speakerid=1694,english489,english
http://accent.gmu.edu/browse_language.php?function=detail&speakerid=1709,english490,english
http://accent.gmu.edu/browse_language.php?function=detail&speakerid=1713,english491,english
http://accent.gmu.edu/browse_language.php?function=detail&speakerid=1716,english492,english
http://accent.gmu.edu/browse_language.php?function=detail&speakerid=1718,english493,english
http://accent.gmu.edu/browse_language.php?function=detail&speakerid=1719,english494,english
http://accent.gmu.edu/browse_language.php?function=detail&speakerid=1720,english495,english
http://accent.gmu.edu/browse_language.php?function=detail&speakerid=1724,english496,english
http://accent.gmu.edu/browse_language.php?function=detail&speakerid=1726,english497,english
http://accent.gmu.edu/browse_language.php?function=detail&speakerid=1727,english498,english
http://accent.gmu.edu/browse_language.php?function=detail&speakerid=1728,english499,english
http://accent.gmu.edu/browse_language.php?function=detail&speakerid=1733,english500,english
http://accent.gmu.edu/browse_language.php?function=detail&speakerid=1734,english501,english
http://accent.gmu.edu/browse_language.php?function=detail&speakerid=1735,english502,english
http://accent.gmu.edu/browse_language.php?function=detail&speakerid=1739,english503,english
http://accent.gmu.edu/browse_language.php?function=detail&speakerid=1786,english504,english
http://accent.gmu.edu/browse_language.php?function=detail&speakerid=1798,english505,english
http://accent.gmu.edu/browse_language.php?function=detail&speakerid=1799,english506,english
http://accent.gmu.edu/browse_language.php?function=detail&speakerid=1800,english507,english
http://accent.gmu.edu/browse_language.php?function=detail&speakerid=1801,english508,english
http://accent.gmu.edu/browse_language.php?function=detail&speakerid=1802,english509,english
http://accent.gmu.edu/browse_language.php?function=detail&speakerid=1803,english510,english
http://accent.gmu.edu/browse_language.php?function=detail&speakerid=1818,english511,english
http://accent.gmu.edu/browse_language.php?function=detail&speakerid=1819,english512,english
http://accent.gmu.edu/browse_language.php?function=detail&speakerid=1856,english513,english
http://accent.gmu.edu/browse_language.php?function=detail&speakerid=1872,english514,english
http://accent.gmu.edu/browse_language.php?function=detail&speakerid=1873,english515,english
http://accent.gmu.edu/browse_language.php?function=detail&speakerid=1875,english516,english
http://accent.gmu.edu/browse_language.php?function=detail&speakerid=1876,english517,english
http://accent.gmu.edu/browse_language.php?function=detail&speakerid=1878,english518,english
http://accent.gmu.edu/browse_language.php?function=detail&speakerid=1882,english519,english
http://accent.gmu.edu/browse_language.php?function=detail&speakerid=1884,english520,english
http://accent.gmu.edu/browse_language.php?function=detail&speakerid=1886,english521,english
http://accent.gmu.edu/browse_language.php?function=detail&speakerid=1887,english522,english
http://accent.gmu.edu/browse_language.php?function=detail&speakerid=1888,english523,english
http://accent.gmu.edu/browse_language.php?function=detail&speakerid=1890,english524,english
http://accent.gmu.edu/browse_language.php?function=detail&speakerid=1893,english525,english
http://accent.gmu.edu/browse_language.php?function=detail&speakerid=1895,english526,english
http://accent.gmu.edu/browse_language.php?function=detail&speakerid=1907,english527,english
http://accent.gmu.edu/browse_language.php?function=detail&speakerid=1908,english528,english
http://accent.gmu.edu/browse_language.php?function=detail&speakerid=1925,english529,english
http://accent.gmu.edu/browse_language.php?function=detail&speakerid=1926,english530,english
http://accent.gmu.edu/browse_language.php?function=detail&speakerid=1928,english531,english
http://accent.gmu.edu/browse_language.php?function=detail&speakerid=1933,english532,english
http://accent.gmu.edu/browse_language.php?function=detail&speakerid=1934,english533,english
http://accent.gmu.edu/browse_language.php?function=detail&speakerid=1951,english534,english
http://accent.gmu.edu/browse_language.php?function=detail&speakerid=1955,english535,english
http://accent.gmu.edu/browse_language.php?function=detail&speakerid=1956,english536,english
http://accent.gmu.edu/browse_language.php?function=detail&speakerid=1957,english537,english
http://accent.gmu.edu/browse_language.php?function=detail&speakerid=1958,english538,english
http://accent.gmu.edu/browse_language.php?function=detail&speakerid=1959,english539,english
http://accent.gmu.edu/browse_language.php?function=detail&speakerid=1960,english540,english
http://accent.gmu.edu/browse_language.php?function=detail&speakerid=1961,english541,english
http://accent.gmu.edu/browse_language.php?function=detail&speakerid=1962,english542,english
http://accent.gmu.edu/browse_language.php?function=detail&speakerid=1969,english543,english
http://accent.gmu.edu/browse_language.php?function=detail&speakerid=1970,english544,english
http://accent.gmu.edu/browse_language.php?function=detail&speakerid=1995,english545,english
http://accent.gmu.edu/browse_language.php?function=detail&speakerid=1996,english546,english
http://accent.gmu.edu/browse_language.php?function=detail&speakerid=1997,english547,english
http://accent.gmu.edu/browse_language.php?function=detail&speakerid=2003,english548,english
http://accent.gmu.edu/browse_language.php?function=detail&speakerid=2012,english549,english
http://accent.gmu.edu/browse_language.php?function=detail&speakerid=2028,english550,english
http://accent.gmu.edu/browse_language.php?function=detail&speakerid=2029,english551,english
http://accent.gmu.edu/browse_language.php?function=detail&speakerid=2043,english552,english
http://accent.gmu.edu/browse_language.php?function=detail&speakerid=2046,english553,english
http://accent.gmu.edu/browse_language.php?function=detail&speakerid=2047,english554,english
http://accent.gmu.edu/browse_language.php?function=detail&speakerid=2049,english555,english
http://accent.gmu.edu/browse_language.php?function=detail&speakerid=2050,english556,english
http://accent.gmu.edu/browse_language.php?function=detail&speakerid=2053,english557,english
http://accent.gmu.edu/browse_language.php?function=detail&speakerid=2055,english558,english
http://accent.gmu.edu/browse_language.php?function=detail&speakerid=2056,english559,english
http://accent.gmu.edu/browse_language.php?function=detail&speakerid=2059,english560,english
http://accent.gmu.edu/browse_language.php?function=detail&speakerid=2060,english561,english
http://accent.gmu.edu/browse_language.php?function=detail&speakerid=2061,english562,english
http://accent.gmu.edu/browse_language.php?function=detail&speakerid=2074,english563,english
http://accent.gmu.edu/browse_language.php?function=detail&speakerid=2077,english564,english
http://accent.gmu.edu/browse_language.php?function=detail&speakerid=2080,english565,english
http://accent.gmu.edu/browse_language.php?function=detail&speakerid=2081,english566,english
http://accent.gmu.edu/browse_language.php?function=detail&speakerid=2101,english567,english
http://accent.gmu.edu/browse_language.php?function=detail&speakerid=2103,english568,english
http://accent.gmu.edu/browse_language.php?function=detail&speakerid=2104,english569,english
http://accent.gmu.edu/browse_language.php?function=detail&speakerid=2106,english570,english
http://accent.gmu.edu/browse_language.php?function=detail&speakerid=2113,english571,english
http://accent.gmu.edu/browse_language.php?function=detail&speakerid=2121,english572,english
http://accent.gmu.edu/browse_language.php?function=detail&speakerid=2124,english573,english
http://accent.gmu.edu/browse_language.php?function=detail&speakerid=2162,english574,english
http://accent.gmu.edu/browse_language.php?function=detail&speakerid=2165,english575,english
http://accent.gmu.edu/browse_language.php?function=detail&speakerid=2167,english576,english
http://accent.gmu.edu/browse_language.php?function=detail&speakerid=2170,english577,english
http://accent.gmu.edu/browse_language.php?function=detail&speakerid=2171,english578,english
http://accent.gmu.edu/browse_language.php?function=detail&speakerid=2172,english579,english
http://accent.gmu.edu/browse_language.php?function=detail&speakerid=2185,english580,english
http://accent.gmu.edu/browse_language.php?function=detail&speakerid=2186,english581,english
http://accent.gmu.edu/browse_language.php?function=detail&speakerid=2187,english582,english
http://accent.gmu.edu/browse_language.php?function=detail&speakerid=2195,english583,english
http://accent.gmu.edu/browse_language.php?function=detail&speakerid=2197,english584,english
http://accent.gmu.edu/browse_language.php?function=detail&speakerid=2207,english585,english
http://accent.gmu.edu/browse_language.php?function=detail&speakerid=2221,english586,english
http://accent.gmu.edu/browse_language.php?function=detail&speakerid=2225,english587,english
http://accent.gmu.edu/browse_language.php?function=detail&speakerid=2361,english588,english
http://accent.gmu.edu/browse_language.php?function=detail&speakerid=2362,english589,english
http://accent.gmu.edu/browse_language.php?function=detail&speakerid=2374,english590,english
http://accent.gmu.edu/browse_language.php?function=detail&speakerid=2375,english591,english
http://accent.gmu.edu/browse_language.php?function=detail&speakerid=2376,english592,english
http://accent.gmu.edu/browse_language.php?function=detail&speakerid=2377,english593,english
http://accent.gmu.edu/browse_language.php?function=detail&speakerid=2378,english594,english
http://accent.gmu.edu/browse_language.php?function=detail&speakerid=2379,english595,english
http://accent.gmu.edu/browse_language.php?function=detail&speakerid=2380,english596,english
http://accent.gmu.edu/browse_language.php?function=detail&speakerid=2381,english597,english
http://accent.gmu.edu/browse_language.php?function=detail&speakerid=2382,english598,english
http://accent.gmu.edu/browse_language.php?function=detail&speakerid=2383,english599,english
http://accent.gmu.edu/browse_language.php?function=detail&speakerid=2385,english600,english
http://accent.gmu.edu/browse_language.php?function=detail&speakerid=2404,english601,english
http://accent.gmu.edu/browse_language.php?function=detail&speakerid=2405,english602,english
http://accent.gmu.edu/browse_language.php?function=detail&speakerid=2428,english603,english
http://accent.gmu.edu/browse_language.php?function=detail&speakerid=2438,english604,english
http://accent.gmu.edu/browse_language.php?function=detail&speakerid=2439,english605,english
http://accent.gmu.edu/browse_language.php?function=detail&speakerid=2440,english606,english
http://accent.gmu.edu/browse_language.php?function=detail&speakerid=2441,english607,english
http://accent.gmu.edu/browse_language.php?function=detail&speakerid=2442,english608,english
http://accent.gmu.edu/browse_language.php?function=detail&speakerid=2443,english609,english
http://accent.gmu.edu/browse_language.php?function=detail&speakerid=2444,english610,english
http://accent.gmu.edu/browse_language.php?function=detail&speakerid=2445,english611,english
http://accent.gmu.edu/browse_language.php?function=detail&speakerid=2533,english612,english
http://accent.gmu.edu/browse_language.php?function=detail&speakerid=2570,english613,english
http://accent.gmu.edu/browse_language.php?function=detail&speakerid=2606,english614,english
http://accent.gmu.edu/browse_language.php?function=detail&speakerid=2613,english615,english
http://accent.gmu.edu/browse_language.php?function=detail&speakerid=2619,english616,english
http://accent.gmu.edu/browse_language.php?function=detail&speakerid=2630,english617,english
http://accent.gmu.edu/browse_language.php?function=detail&speakerid=2674,english618,english
http://accent.gmu.edu/browse_language.php?function=detail&speakerid=2724,english619,english
http://accent.gmu.edu/browse_language.php?function=detail&speakerid=2735,english620,english
http://accent.gmu.edu/browse_language.php?function=detail&speakerid=2793,english621,english
http://accent.gmu.edu/browse_language.php?function=detail&speakerid=2799,english622,english
http://accent.gmu.edu/browse_language.php?function=detail&speakerid=2803,english623,english
http://accent.gmu.edu/browse_language.php?function=detail&speakerid=2804,english624,english
http://accent.gmu.edu/browse_language.php?function=detail&speakerid=2805,english625,english
http://accent.gmu.edu/browse_language.php?function=detail&speakerid=2806,english626,english
http://accent.gmu.edu/browse_language.php?function=detail&speakerid=2847,english627,english
http://accent.gmu.edu/browse_language.php?function=detail&speakerid=2855,english628,english
http://accent.gmu.edu/browse_language.php?function=detail&speakerid=2894,english629,english
http://accent.gmu.edu/browse_language.php?function=detail&speakerid=2895,english630,english
http://accent.gmu.edu/browse_language.php?function=detail&speakerid=2896,english631,english
http://accent.gmu.edu/browse_language.php?function=detail&speakerid=2897,english632,english
http://accent.gmu.edu/browse_language.php?function=detail&speakerid=2898,english633,english
http://accent.gmu.edu/browse_language.php?function=detail&speakerid=2916,english634,english
http://accent.gmu.edu/browse_language.php?function=detail&speakerid=2917,english635,english
http://accent.gmu.edu/browse_language.php?function=detail&speakerid=2918,english636,english
http://accent.gmu.edu/browse_language.php?function=detail&speakerid=2919,english637,english
http://accent.gmu.edu/browse_language.php?function=detail&speakerid=2920,english638,english
http://accent.gmu.edu/browse_language.php?function=detail&speakerid=2921,english639,english
http://accent.gmu.edu/browse_language.php?function=detail&speakerid=2922,english640,english
http://accent.gmu.edu/browse_language.php?function=detail&speakerid=2923,english641,english
http://accent.gmu.edu/browse_language.php?function=detail&speakerid=2924,english642,english
http://accent.gmu.edu/browse_language.php?function=detail&speakerid=2925,english643,english
http://accent.gmu.edu/browse_language.php?function=detail&speakerid=2926,english644,english
http://accent.gmu.edu/browse_language.php?function=detail&speakerid=2932,english645,english
http://accent.gmu.edu/browse_language.php?function=detail&speakerid=11,arabic1,arabic
http://accent.gmu.edu/browse_language.php?function=detail&speakerid=16,arabic2,arabic
http://accent.gmu.edu/browse_language.php?function=detail&speakerid=17,arabic3,arabic
http://accent.gmu.edu/browse_language.php?function=detail&speakerid=18,arabic4,arabic
http://accent.gmu.edu/browse_language.php?function=detail&speakerid=19,arabic5,arabic
http://accent.gmu.edu/browse_language.php?function=detail&speakerid=20,arabic6,arabic
http://accent.gmu.edu/browse_language.php?function=detail&speakerid=21,arabic7,arabic
http://accent.gmu.edu/browse_language.php?function=detail&speakerid=22,arabic8,arabic
http://accent.gmu.edu/browse_language.php?function=detail&speakerid=23,arabic9,arabic
http://accent.gmu.edu/browse_language.php?function=detail&speakerid=12,arabic10,arabic
http://accent.gmu.edu/browse_language.php?function=detail&speakerid=13,arabic11,arabic
http://accent.gmu.edu/browse_language.php?function=detail&speakerid=14,arabic12,arabic
http://accent.gmu.edu/browse_language.php?function=detail&speakerid=15,arabic13,arabic
http://accent.gmu.edu/browse_language.php?function=detail&speakerid=428,arabic14,arabic
http://accent.gmu.edu/browse_language.php?function=detail&speakerid=437,arabic15,arabic
http://accent.gmu.edu/browse_language.php?function=detail&speakerid=471,arabic16,arabic
http://accent.gmu.edu/browse_language.php?function=detail&speakerid=512,arabic17,arabic
http://accent.gmu.edu/browse_language.php?function=detail&speakerid=539,arabic18,arabic
http://accent.gmu.edu/browse_language.php?function=detail&speakerid=625,arabic19,arabic
http://accent.gmu.edu/browse_language.php?function=detail&speakerid=643,arabic20,arabic
http://accent.gmu.edu/browse_language.php?function=detail&speakerid=670,arabic21,arabic
http://accent.gmu.edu/browse_language.php?function=detail&speakerid=920,arabic22,arabic
http://accent.gmu.edu/browse_language.php?function=detail&speakerid=927,arabic23,arabic
http://accent.gmu.edu/browse_language.php?function=detail&speakerid=970,arabic24,arabic
http://accent.gmu.edu/browse_language.php?function=detail&speakerid=1011,arabic25,arabic
http://accent.gmu.edu/browse_language.php?function=detail&speakerid=1012,arabic26,arabic
http://accent.gmu.edu/browse_language.php?function=detail&speakerid=1013,arabic27,arabic
http://accent.gmu.edu/browse_language.php?function=detail&speakerid=1115,arabic28,arabic
http://accent.gmu.edu/browse_language.php?function=detail&speakerid=1116,arabic29,arabic
http://accent.gmu.edu/browse_language.php?function=detail&speakerid=1133,arabic30,arabic
http://accent.gmu.edu/browse_language.php?function=detail&speakerid=1181,arabic31,arabic
http://accent.gmu.edu/browse_language.php?function=detail&speakerid=1203,arabic32,arabic
http://accent.gmu.edu/browse_language.php?function=detail&speakerid=1204,arabic33,arabic
http://accent.gmu.edu/browse_language.php?function=detail&speakerid=1253,arabic34,arabic
http://accent.gmu.edu/browse_language.php?function=detail&speakerid=1391,arabic35,arabic
http://accent.gmu.edu/browse_language.php?function=detail&speakerid=1392,arabic36,arabic
http://accent.gmu.edu/browse_language.php?function=detail&speakerid=1393,arabic37,arabic
http://accent.gmu.edu/browse_language.php?function=detail&speakerid=1394,arabic38,arabic
http://accent.gmu.edu/browse_language.php?function=detail&speakerid=1405,arabic39,arabic
http://accent.gmu.edu/browse_language.php?function=detail&speakerid=1420,arabic40,arabic
http://accent.gmu.edu/browse_language.php?function=detail&speakerid=1421,arabic41,arabic
http://accent.gmu.edu/browse_language.php?function=detail&speakerid=1422,arabic42,arabic
http://accent.gmu.edu/browse_language.php?function=detail&speakerid=1426,arabic43,arabic
http://accent.gmu.edu/browse_language.php?function=detail&speakerid=1455,arabic44,arabic
http://accent.gmu.edu/browse_language.php?function=detail&speakerid=1456,arabic45,arabic
http://accent.gmu.edu/browse_language.php?function=detail&speakerid=1457,arabic46,arabic
http://accent.gmu.edu/browse_language.php?function=detail&speakerid=1458,arabic47,arabic
http://accent.gmu.edu/browse_language.php?function=detail&speakerid=1459,arabic48,arabic
http://accent.gmu.edu/browse_language.php?function=detail&speakerid=1460,arabic49,arabic
http://accent.gmu.edu/browse_language.php?function=detail&speakerid=1461,arabic50,arabic
http://accent.gmu.edu/browse_language.php?function=detail&speakerid=1486,arabic51,arabic
http://accent.gmu.edu/browse_language.php?function=detail&speakerid=1487,arabic52,arabic
http://accent.gmu.edu/browse_language.php?function=detail&speakerid=1526,arabic53,arabic
http://accent.gmu.edu/browse_language.php?function=detail&speakerid=1565,arabic54,arabic
http://accent.gmu.edu/browse_language.php?function=detail&speakerid=1569,arabic55,arabic
http://accent.gmu.edu/browse_language.php?function=detail&speakerid=1677,arabic56,arabic
http://accent.gmu.edu/browse_language.php?function=detail&speakerid=1699,arabic57,arabic
http://accent.gmu.edu/browse_language.php?function=detail&speakerid=1700,arabic58,arabic
http://accent.gmu.edu/browse_language.php?function=detail&speakerid=1702,arabic59,arabic
http://accent.gmu.edu/browse_language.php?function=detail&speakerid=1711,arabic60,arabic
http://accent.gmu.edu/browse_language.php?function=detail&speakerid=1753,arabic61,arabic
http://accent.gmu.edu/browse_language.php?function=detail&speakerid=1768,arabic62,arabic
http://accent.gmu.edu/browse_language.php?function=detail&speakerid=1769,arabic63,arabic
http://accent.gmu.edu/browse_language.php?function=detail&speakerid=1777,arabic64,arabic
http://accent.gmu.edu/browse_language.php?function=detail&speakerid=1778,arabic65,arabic
http://accent.gmu.edu/browse_language.php?function=detail&speakerid=1784,arabic66,arabic
http://accent.gmu.edu/browse_language.php?function=detail&speakerid=1785,arabic67,arabic
http://accent.gmu.edu/browse_language.php?function=detail&speakerid=1805,arabic68,arabic
http://accent.gmu.edu/browse_language.php?function=detail&speakerid=1810,arabic69,arabic
http://accent.gmu.edu/browse_language.php?function=detail&speakerid=1827,arabic70,arabic
http://accent.gmu.edu/browse_language.php?function=detail&speakerid=1828,arabic71,arabic
http://accent.gmu.edu/browse_language.php?function=detail&speakerid=1832,arabic72,arabic
http://accent.gmu.edu/browse_language.php?function=detail&speakerid=1841,arabic73,arabic
http://accent.gmu.edu/browse_language.php?function=detail&speakerid=1870,arabic74,arabic
http://accent.gmu.edu/browse_language.php?function=detail&speakerid=1885,arabic75,arabic
http://accent.gmu.edu/browse_language.php?function=detail&speakerid=1892,arabic76,arabic
http://accent.gmu.edu/browse_language.php?function=detail&speakerid=1894,arabic77,arabic
http://accent.gmu.edu/browse_language.php?function=detail&speakerid=1897,arabic78,arabic
http://accent.gmu.edu/browse_language.php?function=detail&speakerid=1899,arabic79,arabic
http://accent.gmu.edu/browse_language.php?function=detail&speakerid=1901,arabic80,arabic
http://accent.gmu.edu/browse_language.php?function=detail&speakerid=1914,arabic81,arabic
http://accent.gmu.edu/browse_language.php?function=detail&speakerid=1917,arabic82,arabic
http://accent.gmu.edu/browse_language.php?function=detail&speakerid=1920,arabic83,arabic
http://accent.gmu.edu/browse_language.php?function=detail&speakerid=1927,arabic84,arabic
http://accent.gmu.edu/browse_language.php?function=detail&speakerid=1963,arabic85,arabic
http://accent.gmu.edu/browse_language.php?function=detail&speakerid=1964,arabic86,arabic
http://accent.gmu.edu/browse_language.php?function=detail&speakerid=2005,arabic87,arabic
http://accent.gmu.edu/browse_language.php?function=detail&speakerid=2008,arabic88,arabic
http://accent.gmu.edu/browse_language.php?function=detail&speakerid=2022,arabic89,arabic
http://accent.gmu.edu/browse_language.php?function=detail&speakerid=2036,arabic90,arabic
http://accent.gmu.edu/browse_language.php?function=detail&speakerid=2086,arabic91,arabic
http://accent.gmu.edu/browse_language.php?function=detail&speakerid=2087,arabic92,arabic
http://accent.gmu.edu/browse_language.php?function=detail&speakerid=2112,arabic93,arabic
http://accent.gmu.edu/browse_language.php?function=detail&speakerid=2114,arabic94,arabic
http://accent.gmu.edu/browse_language.php?function=detail&speakerid=2143,arabic95,arabic
http://accent.gmu.edu/browse_language.php?function=detail&speakerid=2153,arabic96,arabic
http://accent.gmu.edu/browse_language.php?function=detail&speakerid=2154,arabic97,arabic
http://accent.gmu.edu/browse_language.php?function=detail&speakerid=2155,arabic98,arabic
http://accent.gmu.edu/browse_language.php?function=detail&speakerid=2157,arabic99,arabic
http://accent.gmu.edu/browse_language.php?function=detail&speakerid=2159,arabic100,arabic
http://accent.gmu.edu/browse_language.php?function=detail&speakerid=2160,arabic101,arabic
http://accent.gmu.edu/browse_language.php?function=detail&speakerid=2161,arabic102,arabic
http://accent.gmu.edu/browse_language.php?function=detail&speakerid=2196,arabic103,arabic
http://accent.gmu.edu/browse_language.php?function=detail&speakerid=2200,arabic104,arabic
http://accent.gmu.edu/browse_language.php?function=detail&speakerid=2201,arabic105,arabic
http://accent.gmu.edu/browse_language.php?function=detail&speakerid=2202,arabic106,arabic
http://accent.gmu.edu/browse_language.php?function=detail&speakerid=2203,arabic107,arabic
http://accent.gmu.edu/browse_language.php?function=detail&speakerid=2204,arabic108,arabic
http://accent.gmu.edu/browse_language.php?function=detail&speakerid=2205,arabic109,arabic
http://accent.gmu.edu/browse_language.php?function=detail&speakerid=2216,arabic110,arabic
http://accent.gmu.edu/browse_language.php?function=detail&speakerid=2217,arabic111,arabic
http://accent.gmu.edu/browse_language.php?function=detail&speakerid=2218,arabic112,arabic
http://accent.gmu.edu/browse_language.php?function=detail&speakerid=2219,arabic113,arabic
http://accent.gmu.edu/browse_language.php?function=detail&speakerid=2220,arabic114,arabic
http://accent.gmu.edu/browse_language.php?function=detail&speakerid=2222,arabic115,arabic
http://accent.gmu.edu/browse_language.php?function=detail&speakerid=2243,arabic116,arabic
http://accent.gmu.edu/browse_language.php?function=detail&speakerid=2253,arabic117,arabic
http://accent.gmu.edu/browse_language.php?function=detail&speakerid=2254,arabic118,arabic
http://accent.gmu.edu/browse_language.php?function=detail&speakerid=2256,arabic119,arabic
http://accent.gmu.edu/browse_language.php?function=detail&speakerid=2257,arabic120,arabic
http://accent.gmu.edu/browse_language.php?function=detail&speakerid=2258,arabic121,arabic
http://accent.gmu.edu/browse_language.php?function=detail&speakerid=2268,arabic122,arabic
http://accent.gmu.edu/browse_language.php?function=detail&speakerid=2304,arabic123,arabic
http://accent.gmu.edu/browse_language.php?function=detail&speakerid=2310,arabic124,arabic
http://accent.gmu.edu/browse_language.php?function=detail&speakerid=2311,arabic125,arabic
http://accent.gmu.edu/browse_language.php?function=detail&speakerid=2312,arabic126,arabic
http://accent.gmu.edu/browse_language.php?function=detail&speakerid=2313,arabic127,arabic
http://accent.gmu.edu/browse_language.php?function=detail&speakerid=2321,arabic128,arabic
http://accent.gmu.edu/browse_language.php?function=detail&speakerid=2331,arabic129,arabic
http://accent.gmu.edu/browse_language.php?function=detail&speakerid=2344,arabic130,arabic
http://accent.gmu.edu/browse_language.php?function=detail&speakerid=2345,arabic131,arabic
http://accent.gmu.edu/browse_language.php?function=detail&speakerid=2387,arabic132,arabic
http://accent.gmu.edu/browse_language.php?function=detail&speakerid=2399,arabic133,arabic
http://accent.gmu.edu/browse_language.php?function=detail&speakerid=2407,arabic134,arabic
http://accent.gmu.edu/browse_language.php?function=detail&speakerid=2410,arabic135,arabic
http://accent.gmu.edu/browse_language.php?function=detail&speakerid=2411,arabic136,arabic
http://accent.gmu.edu/browse_language.php?function=detail&speakerid=2425,arabic137,arabic
http://accent.gmu.edu/browse_language.php?function=detail&speakerid=2426,arabic138,arabic
http://accent.gmu.edu/browse_language.php?function=detail&speakerid=2427,arabic139,arabic
http://accent.gmu.edu/browse_language.php?function=detail&speakerid=2433,arabic140,arabic
http://accent.gmu.edu/browse_language.php?function=detail&speakerid=2437,arabic141,arabic
http://accent.gmu.edu/browse_language.php?function=detail&speakerid=2452,arabic142,arabic
http://accent.gmu.edu/browse_language.php?function=detail&speakerid=2470,arabic143,arabic
http://accent.gmu.edu/browse_language.php?function=detail&speakerid=2479,arabic144,arabic
http://accent.gmu.edu/browse_language.php?function=detail&speakerid=2488,arabic145,arabic
http://accent.gmu.edu/browse_language.php?function=detail&speakerid=2508,arabic146,arabic
http://accent.gmu.edu/browse_language.php?function=detail&speakerid=2544,arabic147,arabic
http://accent.gmu.edu/browse_language.php?function=detail&speakerid=2550,arabic148,arabic
http://accent.gmu.edu/browse_language.php?function=detail&speakerid=2584,arabic149,arabic
http://accent.gmu.edu/browse_language.php?function=detail&speakerid=2592,arabic150,arabic
http://accent.gmu.edu/browse_language.php?function=detail&speakerid=2598,arabic151,arabic
http://accent.gmu.edu/browse_language.php?function=detail&speakerid=2607,arabic152,arabic
http://accent.gmu.edu/browse_language.php?function=detail&speakerid=2676,arabic153,arabic
http://accent.gmu.edu/browse_language.php?function=detail&speakerid=2693,arabic154,arabic
http://accent.gmu.edu/browse_language.php?function=detail&speakerid=2720,arabic155,arabic
http://accent.gmu.edu/browse_language.php?function=detail&speakerid=2730,arabic156,arabic
http://accent.gmu.edu/browse_language.php?function=detail&speakerid=2734,arabic157,arabic
http://accent.gmu.edu/browse_language.php?function=detail&speakerid=2741,arabic158,arabic
http://accent.gmu.edu/browse_language.php?function=detail&speakerid=2742,arabic159,arabic
http://accent.gmu.edu/browse_language.php?function=detail&speakerid=2743,arabic160,arabic
http://accent.gmu.edu/browse_language.php?function=detail&speakerid=2749,arabic161,arabic
http://accent.gmu.edu/browse_language.php?function=detail&speakerid=2750,arabic162,arabic
http://accent.gmu.edu/browse_language.php?function=detail&speakerid=2752,arabic163,arabic
http://accent.gmu.edu/browse_language.php?function=detail&speakerid=2765,arabic164,arabic
http://accent.gmu.edu/browse_language.php?function=detail&speakerid=2771,arabic165,arabic
http://accent.gmu.edu/browse_language.php?function=detail&speakerid=2780,arabic166,arabic
http://accent.gmu.edu/browse_language.php?function=detail&speakerid=2788,arabic167,arabic
http://accent.gmu.edu/browse_language.php?function=detail&speakerid=2794,arabic168,arabic
http://accent.gmu.edu/browse_language.php?function=detail&speakerid=2809,arabic169,arabic
http://accent.gmu.edu/browse_language.php?function=detail&speakerid=2811,arabic170,arabic
http://accent.gmu.edu/browse_language.php?function=detail&speakerid=2832,arabic171,arabic
http://accent.gmu.edu/browse_language.php?function=detail&speakerid=2842,arabic172,arabic
http://accent.gmu.edu/browse_language.php?function=detail&speakerid=2858,arabic173,arabic
http://accent.gmu.edu/browse_language.php?function=detail&speakerid=2864,arabic174,arabic
http://accent.gmu.edu/browse_language.php?function=detail&speakerid=2868,arabic175,arabic
http://accent.gmu.edu/browse_language.php?function=detail&speakerid=2873,arabic176,arabic
http://accent.gmu.edu/browse_language.php?function=detail&speakerid=2889,arabic177,arabic
http://accent.gmu.edu/browse_language.php?function=detail&speakerid=2899,arabic178,arabic
http://accent.gmu.edu/browse_language.php?function=detail&speakerid=2900,arabic179,arabic
http://accent.gmu.edu/browse_language.php?function=detail&speakerid=2901,arabic180,arabic
http://accent.gmu.edu/browse_language.php?function=detail&speakerid=2902,arabic181,arabic
http://accent.gmu.edu/browse_language.php?function=detail&speakerid=2903,arabic182,arabic
http://accent.gmu.edu/browse_language.php?function=detail&speakerid=2904,arabic183,arabic
http://accent.gmu.edu/browse_language.php?function=detail&speakerid=2905,arabic184,arabic
http://accent.gmu.edu/browse_language.php?function=detail&speakerid=2906,arabic185,arabic
http://accent.gmu.edu/browse_language.php?function=detail&speakerid=2907,arabic186,arabic
http://accent.gmu.edu/browse_language.php?function=detail&speakerid=2908,arabic187,arabic
http://accent.gmu.edu/browse_language.php?function=detail&speakerid=2909,arabic188,arabic
http://accent.gmu.edu/browse_language.php?function=detail&speakerid=2910,arabic189,arabic
http://accent.gmu.edu/browse_language.php?function=detail&speakerid=2911,arabic190,arabic
http://accent.gmu.edu/browse_language.php?function=detail&speakerid=2912,arabic191,arabic
http://accent.gmu.edu/browse_language.php?function=detail&speakerid=2913,arabic192,arabic
http://accent.gmu.edu/browse_language.php?function=detail&speakerid=2914,arabic193,arabic
http://accent.gmu.edu/browse_language.php?function=detail&speakerid=2915,arabic194,arabic
